feature_set,mean_cv_accuracy,std_cv_accuracy,mean_f1_weighted,std_f1_weighted
Baseline,0.73,0.12884098726725124,0.7238095238095238,0.11777923243871286
PCA,0.76,0.09165151389911678,0.751047619047619,0.10110114824704391
f_select,0.78,0.07483314773547882,0.7720634920634921,0.08991264201856926
